image_name,class_number
public_test_1.jpg,16
public_test_2.jpg,16
public_test_3.jpg,16
public_test_4.jpg,16
public_test_5.jpg,16
public_test_6.jpg,16
public_test_7.jpg,16
public_test_8.jpg,16
public_test_9.jpg,16
public_test_10.jpg,16
public_test_11.jpg,16
public_test_12.jpg,16
public_test_13.jpg,16
public_test_14.jpg,16
public_test_15.jpg,16
public_test_16.jpg,16
public_test_17.jpg,16
public_test_18.jpg,16
public_test_19.jpg,16
public_test_20.jpg,16
public_test_21.jpg,16
public_test_22.jpg,16
public_test_23.jpg,16
public_test_24.jpg,16
public_test_25.jpg,16
public_test_26.jpg,16
public_test_27.jpg,16
public_test_28.jpg,16
public_test_29.jpg,16
public_test_30.jpg,16
public_test_31.jpg,16
public_test_32.jpg,16
public_test_33.jpg,16
public_test_34.jpg,16
public_test_35.jpg,16
public_test_36.jpg,16
public_test_37.jpg,16
public_test_38.jpg,16
public_test_39.jpg,16
public_test_40.jpg,16
public_test_41.jpg,16
public_test_42.jpg,16
public_test_43.jpg,16
public_test_44.jpg,16
public_test_45.jpg,16
public_test_46.jpg,16
public_test_47.jpg,16
public_test_48.jpg,16
public_test_49.jpg,16
public_test_50.jpg,16
public_test_51.jpg,16
public_test_52.jpg,16
public_test_53.jpg,16
public_test_54.jpg,16
public_test_55.jpg,16
public_test_56.jpg,16
public_test_57.jpg,16
public_test_58.jpg,16
public_test_59.jpg,16
public_test_60.jpg,16
public_test_61.jpg,16
public_test_62.jpg,16
public_test_63.jpg,16
public_test_64.jpg,16
public_test_65.jpg,16
public_test_66.jpg,16
public_test_67.jpg,16
public_test_68.jpg,16
public_test_69.jpg,16
public_test_70.jpg,16
public_test_71.jpg,16
public_test_72.jpg,16
public_test_73.jpg,16
public_test_74.jpg,16
public_test_75.jpg,16
public_test_76.jpg,16
public_test_77.jpg,16
public_test_78.jpg,16
public_test_79.jpg,16
public_test_80.jpg,16
public_test_81.jpg,16
public_test_82.jpg,16
public_test_83.jpg,16
public_test_84.jpg,16
public_test_85.jpg,16
public_test_86.jpg,16
public_test_87.jpg,16
public_test_88.jpg,16
public_test_89.jpg,16
public_test_90.jpg,16
public_test_91.jpg,16
public_test_92.jpg,16
public_test_93.jpg,16
public_test_94.jpg,16
public_test_95.jpg,16
public_test_96.jpg,16
public_test_97.jpg,16
public_test_98.jpg,16
public_test_99.jpg,16
public_test_100.jpg,16
public_test_101.jpg,16
public_test_102.jpg,16
public_test_103.jpg,16
public_test_104.jpg,16
public_test_105.jpg,16
public_test_106.jpg,16
public_test_107.jpg,16
public_test_108.jpg,16
public_test_109.jpg,16
public_test_110.jpg,16
public_test_111.jpg,16
public_test_112.jpg,16
public_test_113.jpg,16
public_test_114.jpg,16
public_test_115.jpg,16
public_test_116.jpg,16
public_test_117.jpg,16
public_test_118.jpg,16
public_test_119.jpg,16
public_test_120.jpg,16
public_test_121.jpg,16
public_test_122.jpg,16
public_test_123.jpg,16
public_test_124.jpg,16
public_test_125.jpg,16
public_test_126.jpg,16
public_test_127.jpg,16
public_test_128.jpg,16
public_test_129.jpg,16
public_test_130.jpg,16
public_test_131.jpg,16
public_test_132.jpg,16
public_test_133.jpg,16
public_test_134.jpg,16
public_test_135.jpg,16
public_test_136.jpg,16
public_test_137.jpg,16
public_test_138.jpg,16
public_test_139.jpg,16
public_test_140.jpg,16
public_test_141.jpg,16
public_test_142.jpg,16
public_test_143.jpg,16
public_test_144.jpg,16
public_test_145.jpg,16
public_test_146.jpg,16
public_test_147.jpg,16
public_test_148.jpg,16
public_test_149.jpg,16
public_test_150.jpg,16
public_test_151.jpg,16
public_test_152.jpg,16
public_test_153.jpg,16
public_test_154.jpg,16
public_test_155.jpg,16
public_test_156.jpg,16
public_test_157.jpg,16
public_test_158.jpg,16
public_test_159.jpg,16
public_test_160.jpg,16
public_test_161.jpg,16
public_test_162.jpg,16
public_test_163.jpg,16
public_test_164.jpg,16
public_test_165.jpg,16
public_test_166.jpg,16
public_test_167.jpg,16
public_test_168.jpg,16
public_test_169.jpg,16
public_test_170.jpg,16
public_test_171.jpg,16
public_test_172.jpg,16
public_test_173.jpg,16
public_test_174.jpg,16
public_test_175.jpg,16
public_test_176.jpg,16
public_test_177.jpg,16
public_test_178.jpg,16
public_test_179.jpg,16
public_test_180.jpg,16
public_test_181.jpg,16
public_test_182.jpg,16
public_test_183.jpg,16
public_test_184.jpg,16
public_test_185.jpg,16
public_test_186.jpg,16
public_test_187.jpg,16
public_test_188.jpg,16
public_test_189.jpg,16
public_test_190.jpg,16
public_test_191.jpg,16
public_test_192.jpg,16
public_test_193.jpg,16
public_test_194.jpg,16
public_test_195.jpg,16
public_test_196.jpg,16
public_test_197.jpg,16
public_test_198.jpg,16
public_test_199.jpg,16
public_test_200.jpg,16
public_test_201.jpg,16
public_test_202.jpg,16
public_test_203.jpg,16
public_test_204.jpg,16
public_test_205.jpg,16
public_test_206.jpg,16
public_test_207.jpg,16
public_test_208.jpg,16
public_test_209.jpg,16
public_test_210.jpg,16
public_test_211.jpg,16
public_test_212.jpg,16
public_test_213.jpg,16
public_test_214.jpg,16
public_test_215.jpg,16
public_test_216.jpg,16
public_test_217.jpg,16
public_test_218.jpg,16
public_test_219.jpg,16
public_test_220.jpg,16
public_test_221.jpg,16
public_test_222.jpg,16
public_test_223.jpg,16
public_test_224.jpg,16
public_test_225.jpg,16
public_test_226.jpg,16
public_test_227.jpg,16
public_test_228.jpg,16
public_test_229.jpg,16
public_test_230.jpg,16
public_test_231.jpg,16
public_test_232.jpg,16
public_test_233.jpg,16
public_test_234.jpg,16
public_test_235.jpg,16
public_test_236.jpg,16
public_test_237.jpg,16
public_test_238.jpg,16
public_test_239.jpg,16
public_test_240.jpg,16
public_test_241.jpg,16
public_test_242.jpg,16
public_test_243.jpg,16
public_test_244.jpg,16
public_test_245.jpg,16
public_test_246.jpg,16
public_test_247.jpg,16
public_test_248.jpg,16
public_test_249.jpg,16
public_test_250.jpg,16
public_test_251.jpg,16
public_test_252.jpg,16
public_test_253.jpg,16
public_test_254.jpg,16
public_test_255.jpg,16
public_test_256.jpg,16
public_test_257.jpg,16
public_test_258.jpg,16
public_test_259.jpg,16
public_test_260.jpg,16
public_test_261.jpg,16
public_test_262.jpg,16
public_test_263.jpg,16
public_test_264.jpg,16
public_test_265.jpg,16
public_test_266.jpg,16
public_test_267.jpg,16
public_test_268.jpg,16
public_test_269.jpg,16
public_test_270.jpg,16
public_test_271.jpg,16
public_test_272.jpg,16
public_test_273.jpg,16
public_test_274.jpg,16
public_test_275.jpg,16
public_test_276.jpg,16
public_test_277.jpg,16
public_test_278.jpg,16
public_test_279.jpg,16
public_test_280.jpg,16
public_test_281.jpg,16
public_test_282.jpg,16
public_test_283.jpg,16
public_test_284.jpg,16
public_test_285.jpg,16
public_test_286.jpg,16
public_test_287.jpg,16
public_test_288.jpg,16
public_test_289.jpg,16
public_test_290.jpg,16
public_test_291.jpg,16
public_test_292.jpg,16
public_test_293.jpg,16
public_test_294.jpg,16
public_test_295.jpg,16
public_test_296.jpg,16
public_test_297.jpg,16
public_test_298.jpg,16
public_test_299.jpg,16
public_test_300.jpg,16
public_test_301.jpg,16
public_test_302.jpg,16
public_test_303.jpg,16
public_test_304.jpg,16
public_test_305.jpg,16
public_test_306.jpg,16
public_test_307.jpg,16
public_test_308.jpg,16
public_test_309.jpg,16
public_test_310.jpg,16
public_test_311.jpg,16
public_test_312.jpg,16
public_test_313.jpg,16
public_test_314.jpg,16
public_test_315.jpg,16
public_test_316.jpg,16
public_test_317.jpg,16
public_test_318.jpg,16
public_test_319.jpg,16
public_test_320.jpg,16
public_test_321.jpg,16
public_test_322.jpg,16
public_test_323.jpg,16
public_test_324.jpg,16
public_test_325.jpg,16
public_test_326.jpg,16
public_test_327.jpg,16
public_test_328.jpg,16
public_test_329.jpg,16
public_test_330.jpg,16
public_test_331.jpg,16
public_test_332.jpg,16
public_test_333.jpg,16
public_test_334.jpg,16
public_test_335.jpg,16
public_test_336.jpg,16
public_test_337.jpg,16
public_test_338.jpg,16
public_test_339.jpg,16
public_test_340.jpg,16
public_test_341.jpg,16
public_test_342.jpg,16
public_test_343.jpg,16
public_test_344.jpg,16
public_test_345.jpg,16
public_test_346.jpg,16
public_test_347.jpg,16
public_test_348.jpg,16
public_test_349.jpg,16
public_test_350.jpg,16
public_test_351.jpg,16
public_test_352.jpg,16
public_test_353.jpg,16
public_test_354.jpg,16
public_test_355.jpg,16
public_test_356.jpg,16
public_test_357.jpg,16
public_test_358.jpg,16
public_test_359.jpg,16
public_test_360.jpg,16
public_test_361.jpg,16
public_test_362.jpg,16
public_test_363.jpg,16
public_test_364.jpg,16
public_test_365.jpg,16
public_test_366.jpg,16
public_test_367.jpg,16
public_test_368.jpg,16
public_test_369.jpg,16
public_test_370.jpg,16
public_test_371.jpg,16
public_test_372.jpg,16
public_test_373.jpg,16
public_test_374.jpg,16
public_test_375.jpg,16
public_test_376.jpg,16
public_test_377.jpg,16
public_test_378.jpg,16
public_test_379.jpg,16
public_test_380.jpg,16
public_test_381.jpg,16
public_test_382.jpg,16
public_test_383.jpg,16
public_test_384.jpg,16
public_test_385.jpg,16
public_test_386.jpg,16
public_test_387.jpg,16
public_test_388.jpg,16
public_test_389.jpg,16
public_test_390.jpg,16
public_test_391.jpg,16
public_test_392.jpg,16
public_test_393.jpg,16
public_test_394.jpg,16
public_test_395.jpg,16
public_test_396.jpg,16
public_test_397.jpg,16
public_test_398.jpg,16
public_test_399.jpg,16
public_test_400.jpg,16
public_test_401.jpg,16
public_test_402.jpg,16
public_test_403.jpg,16
public_test_404.jpg,16
public_test_405.jpg,16
public_test_406.jpg,16
public_test_407.jpg,16
public_test_408.jpg,16
public_test_409.jpg,16
public_test_410.jpg,16
public_test_411.jpg,16
public_test_412.jpg,16
public_test_413.jpg,16
public_test_414.jpg,16
public_test_415.jpg,16
public_test_416.jpg,16
public_test_417.jpg,16
public_test_418.jpg,16
public_test_419.jpg,16
public_test_420.jpg,16
public_test_421.jpg,16
public_test_422.jpg,16
public_test_423.jpg,16
public_test_424.jpg,16
public_test_425.jpg,16
public_test_426.jpg,16
public_test_427.jpg,16
public_test_428.jpg,16
public_test_429.jpg,16
public_test_430.jpg,16
public_test_431.jpg,16
public_test_432.jpg,16
public_test_433.jpg,16
public_test_434.jpg,16
public_test_435.jpg,16
public_test_436.jpg,16
public_test_437.jpg,16
public_test_438.jpg,16
public_test_439.jpg,16
public_test_440.jpg,16
public_test_441.jpg,16
public_test_442.jpg,16
public_test_443.jpg,16
public_test_444.jpg,16
public_test_445.jpg,16
public_test_446.jpg,16
public_test_447.jpg,16
public_test_448.jpg,16
public_test_449.jpg,16
public_test_450.jpg,16
public_test_451.jpg,16
public_test_452.jpg,16
public_test_453.jpg,16
public_test_454.jpg,16
public_test_455.jpg,16
public_test_456.jpg,16
public_test_457.jpg,16
public_test_458.jpg,16
public_test_459.jpg,16
public_test_460.jpg,16
public_test_461.jpg,16
public_test_462.jpg,16
public_test_463.jpg,16
public_test_464.jpg,16
public_test_465.jpg,16
public_test_466.jpg,16
public_test_467.jpg,16
public_test_468.jpg,16
public_test_469.jpg,16
public_test_470.jpg,16
public_test_471.jpg,16
public_test_472.jpg,16
public_test_473.jpg,16
public_test_474.jpg,16
public_test_475.jpg,16
public_test_476.jpg,16
public_test_477.jpg,16
public_test_478.jpg,16
public_test_479.jpg,16
public_test_480.jpg,16
public_test_481.jpg,16
public_test_482.jpg,16
public_test_483.jpg,16
public_test_484.jpg,16
public_test_485.jpg,16
public_test_486.jpg,16
public_test_487.jpg,16
public_test_488.jpg,16
public_test_489.jpg,16
public_test_490.jpg,16
public_test_491.jpg,16
public_test_492.jpg,16
public_test_493.jpg,16
public_test_494.jpg,16
public_test_495.jpg,16
public_test_496.jpg,16
public_test_497.jpg,16
public_test_498.jpg,16
public_test_499.jpg,16
public_test_500.jpg,16
public_test_501.jpg,16
public_test_502.jpg,16
public_test_503.jpg,16
public_test_504.jpg,16
public_test_505.jpg,16
public_test_506.jpg,16
public_test_507.jpg,16
public_test_508.jpg,16
public_test_509.jpg,16
public_test_510.jpg,16
public_test_511.jpg,16
public_test_512.jpg,16
public_test_513.jpg,16
public_test_514.jpg,16
public_test_515.jpg,16
public_test_516.jpg,16
public_test_517.jpg,16
public_test_518.jpg,16
public_test_519.jpg,16
public_test_520.jpg,16
public_test_521.jpg,16
public_test_522.jpg,16
public_test_523.jpg,16
public_test_524.jpg,16
public_test_525.jpg,16
public_test_526.jpg,16
public_test_527.jpg,16
public_test_528.jpg,16
public_test_529.jpg,16
public_test_530.jpg,16
public_test_531.jpg,16
public_test_532.jpg,16
public_test_533.jpg,16
public_test_534.jpg,16
public_test_535.jpg,16
public_test_536.jpg,16
public_test_537.jpg,16
public_test_538.jpg,16
public_test_539.jpg,16
public_test_540.jpg,16
public_test_541.jpg,16
public_test_542.jpg,16
public_test_543.jpg,16
public_test_544.jpg,16
public_test_545.jpg,16
public_test_546.jpg,16
public_test_547.jpg,16
public_test_548.jpg,16
public_test_549.jpg,16
public_test_550.jpg,16
public_test_551.jpg,16
public_test_552.jpg,16
public_test_553.jpg,16
public_test_554.jpg,16
public_test_555.jpg,16
public_test_556.jpg,16
public_test_557.jpg,16
public_test_558.jpg,16
public_test_559.jpg,16
public_test_560.jpg,16
public_test_561.jpg,16
public_test_562.jpg,16
public_test_563.jpg,16
public_test_564.jpg,16
public_test_565.jpg,16
public_test_566.jpg,16
public_test_567.jpg,16
public_test_568.jpg,16
public_test_569.jpg,16
public_test_570.jpg,16
public_test_571.jpg,16
public_test_572.jpg,16
public_test_573.jpg,16
public_test_574.jpg,16
public_test_575.jpg,16
public_test_576.jpg,16
public_test_577.jpg,16
public_test_578.jpg,16
public_test_579.jpg,16
public_test_580.jpg,16
public_test_581.jpg,16
public_test_582.jpg,16
public_test_583.jpg,16
public_test_584.jpg,16
public_test_585.jpg,16
public_test_586.jpg,16
public_test_587.jpg,16
public_test_588.jpg,16
public_test_589.jpg,16
public_test_590.jpg,16
public_test_591.jpg,16
public_test_592.jpg,16
public_test_593.jpg,16
public_test_594.jpg,16
public_test_595.jpg,16
public_test_596.jpg,16
public_test_597.jpg,16
public_test_598.jpg,16
public_test_599.jpg,16
public_test_600.jpg,16
public_test_601.jpg,16
public_test_602.jpg,16
public_test_603.jpg,16
public_test_604.jpg,16
public_test_605.jpg,16
public_test_606.jpg,16
public_test_607.jpg,16
public_test_608.jpg,16
public_test_609.jpg,16
public_test_610.jpg,16
public_test_611.jpg,16
public_test_612.jpg,16
public_test_613.jpg,16
public_test_614.jpg,16
public_test_615.jpg,16
public_test_616.jpg,16
public_test_617.jpg,16
public_test_618.jpg,16
public_test_619.jpg,16
public_test_620.jpg,16
public_test_621.jpg,16
public_test_622.jpg,16
public_test_623.jpg,16
public_test_624.jpg,16
public_test_625.jpg,16
public_test_626.jpg,16
public_test_627.jpg,16
public_test_628.jpg,16
public_test_629.jpg,16
public_test_630.jpg,16
public_test_631.jpg,16
public_test_632.jpg,16
public_test_633.jpg,16
public_test_634.jpg,16
public_test_635.jpg,16
public_test_636.jpg,16
public_test_637.jpg,16
public_test_638.jpg,16
public_test_639.jpg,16
public_test_640.jpg,16
public_test_641.jpg,16
public_test_642.jpg,16
public_test_643.jpg,16
public_test_644.jpg,16
public_test_645.jpg,16
public_test_646.jpg,16
public_test_647.jpg,16
public_test_648.jpg,16
public_test_649.jpg,16
public_test_650.jpg,16
public_test_651.jpg,16
public_test_652.jpg,16
public_test_653.jpg,16
public_test_654.jpg,16
public_test_655.jpg,16
public_test_656.jpg,16
public_test_657.jpg,16
public_test_658.jpg,16
public_test_659.jpg,16
public_test_660.jpg,16
public_test_661.jpg,16
public_test_662.jpg,16
public_test_663.jpg,16
public_test_664.jpg,16
public_test_665.jpg,16
public_test_666.jpg,16
public_test_667.jpg,16
public_test_668.jpg,16
public_test_669.jpg,16
public_test_670.jpg,16
public_test_671.jpg,16
public_test_672.jpg,16
public_test_673.jpg,16
public_test_674.jpg,16
public_test_675.jpg,16
public_test_676.jpg,16
public_test_677.jpg,16
public_test_678.jpg,16
public_test_679.jpg,16
public_test_680.jpg,16
public_test_681.jpg,16
public_test_682.jpg,16
public_test_683.jpg,16
public_test_684.jpg,16
public_test_685.jpg,16
public_test_686.jpg,16
public_test_687.jpg,16
public_test_688.jpg,16
public_test_689.jpg,16
public_test_690.jpg,16
public_test_691.jpg,16
public_test_692.jpg,16
public_test_693.jpg,16
public_test_694.jpg,16
public_test_695.jpg,16
public_test_696.jpg,16
public_test_697.jpg,16
public_test_698.jpg,16
public_test_699.jpg,16
public_test_700.jpg,16
public_test_701.jpg,16
public_test_702.jpg,16
public_test_703.jpg,16
public_test_704.jpg,16
public_test_705.jpg,16
public_test_706.jpg,16
public_test_707.jpg,16
public_test_708.jpg,16
public_test_709.jpg,16
public_test_710.jpg,16
public_test_711.jpg,16
public_test_712.jpg,16
public_test_713.jpg,16
public_test_714.jpg,16
public_test_715.jpg,16
public_test_716.jpg,16
public_test_717.jpg,16
public_test_718.jpg,16
public_test_719.jpg,16
public_test_720.jpg,16
public_test_721.jpg,16
public_test_722.jpg,16
public_test_723.jpg,16
public_test_724.jpg,16
public_test_725.jpg,16
public_test_726.jpg,16
public_test_727.jpg,16
public_test_728.jpg,16
public_test_729.jpg,16
public_test_730.jpg,16
public_test_731.jpg,16
public_test_732.jpg,16
public_test_733.jpg,16
public_test_734.jpg,16
public_test_735.jpg,16
public_test_736.jpg,16
public_test_737.jpg,16
public_test_738.jpg,16
public_test_739.jpg,16
public_test_740.jpg,16
public_test_741.jpg,16
public_test_742.jpg,16
public_test_743.jpg,16
public_test_744.jpg,16
public_test_745.jpg,16
public_test_746.jpg,16
public_test_747.jpg,16
public_test_748.jpg,16
public_test_749.jpg,16
public_test_750.jpg,16
public_test_751.jpg,16
public_test_752.jpg,16
public_test_753.jpg,16
public_test_754.jpg,16
public_test_755.jpg,16
public_test_756.jpg,16
public_test_757.jpg,16
public_test_758.jpg,16
public_test_759.jpg,16
public_test_760.jpg,16
public_test_761.jpg,16
public_test_762.jpg,16
public_test_763.jpg,16
public_test_764.jpg,16
public_test_765.jpg,16
public_test_766.jpg,16
public_test_767.jpg,16
public_test_768.jpg,16
public_test_769.jpg,16
public_test_770.jpg,16
public_test_771.jpg,16
public_test_772.jpg,16
public_test_773.jpg,16
public_test_774.jpg,16
public_test_775.jpg,16
public_test_776.jpg,16
public_test_777.jpg,16
public_test_778.jpg,16
public_test_779.jpg,16
public_test_780.jpg,16
public_test_781.jpg,16
public_test_782.jpg,16
public_test_783.jpg,16
public_test_784.jpg,16
public_test_785.jpg,16
public_test_786.jpg,16
public_test_787.jpg,16
public_test_788.jpg,16
public_test_789.jpg,16
public_test_790.jpg,16
public_test_791.jpg,16
public_test_792.jpg,16
public_test_793.jpg,16
public_test_794.jpg,16
public_test_795.jpg,16
public_test_796.jpg,16
public_test_797.jpg,16
public_test_798.jpg,16
public_test_799.jpg,16
public_test_800.jpg,16
public_test_801.jpg,16
public_test_802.jpg,16
public_test_803.jpg,16
public_test_804.jpg,16
public_test_805.jpg,16
public_test_806.jpg,16
public_test_807.jpg,16
public_test_808.jpg,16
public_test_809.jpg,16
public_test_810.jpg,16
public_test_811.jpg,16
public_test_812.jpg,16
public_test_813.jpg,16
public_test_814.jpg,16
public_test_815.jpg,16
public_test_816.jpg,16
public_test_817.jpg,16
public_test_818.jpg,16
public_test_819.jpg,16
public_test_820.jpg,16
public_test_821.jpg,16
public_test_822.jpg,16
public_test_823.jpg,16
public_test_824.jpg,16
public_test_825.jpg,16
public_test_826.jpg,16
public_test_827.jpg,16
public_test_828.jpg,16
public_test_829.jpg,16
public_test_830.jpg,16
public_test_831.jpg,16
public_test_832.jpg,16
public_test_833.jpg,16
public_test_834.jpg,16
public_test_835.jpg,16
public_test_836.jpg,16
public_test_837.jpg,16
public_test_838.jpg,16
public_test_839.jpg,16
public_test_840.jpg,16
public_test_841.jpg,16
public_test_842.jpg,16
public_test_843.jpg,16
public_test_844.jpg,16
public_test_845.jpg,16
public_test_846.jpg,16
public_test_847.jpg,16
public_test_848.jpg,16
public_test_849.jpg,16
public_test_850.jpg,16
public_test_851.jpg,16
public_test_852.jpg,16
public_test_853.jpg,16
public_test_854.jpg,16
public_test_855.jpg,16
public_test_856.jpg,16
public_test_857.jpg,16
public_test_858.jpg,16
public_test_859.jpg,16
public_test_860.jpg,16
public_test_861.jpg,16
public_test_862.jpg,16
public_test_863.jpg,16
public_test_864.jpg,16
public_test_865.jpg,16
public_test_866.jpg,16
public_test_867.jpg,16
public_test_868.jpg,16
public_test_869.jpg,16
public_test_870.jpg,16
public_test_871.jpg,16
public_test_872.jpg,16
public_test_873.jpg,16
public_test_874.jpg,16
public_test_875.jpg,16
public_test_876.jpg,16
public_test_877.jpg,16
public_test_878.jpg,16
public_test_879.jpg,16
public_test_880.jpg,16
public_test_881.jpg,16
public_test_882.jpg,16
public_test_883.jpg,16
public_test_884.jpg,16
public_test_885.jpg,16
public_test_886.jpg,16
public_test_887.jpg,16
public_test_888.jpg,16
public_test_889.jpg,16
public_test_890.jpg,16
public_test_891.jpg,16
public_test_892.jpg,16
public_test_893.jpg,16
public_test_894.jpg,16
public_test_895.jpg,16
public_test_896.jpg,16
public_test_897.jpg,16
public_test_898.jpg,16
public_test_899.jpg,16
public_test_900.jpg,16
public_test_901.jpg,16
public_test_902.jpg,16
public_test_903.jpg,16
public_test_904.jpg,16
public_test_905.jpg,16
public_test_906.jpg,16
public_test_907.jpg,16
public_test_908.jpg,16
public_test_909.jpg,16
public_test_910.jpg,16
public_test_911.jpg,16
public_test_912.jpg,16
public_test_913.jpg,16
public_test_914.jpg,16
public_test_915.jpg,16
public_test_916.jpg,16
public_test_917.jpg,16
public_test_918.jpg,16
public_test_919.jpg,16
public_test_920.jpg,16
public_test_921.jpg,16
public_test_922.jpg,16
public_test_923.jpg,16
public_test_924.jpg,16
public_test_925.jpg,16
public_test_926.jpg,16
public_test_927.jpg,16
public_test_928.jpg,16
public_test_929.jpg,16
public_test_930.jpg,16
public_test_931.jpg,16
public_test_932.jpg,16
public_test_933.jpg,16
public_test_934.jpg,16
public_test_935.jpg,16
public_test_936.jpg,16
public_test_937.jpg,16
public_test_938.jpg,16
public_test_939.jpg,16
public_test_940.jpg,16
public_test_941.jpg,16
public_test_942.jpg,16
public_test_943.jpg,16
public_test_944.jpg,16
public_test_945.jpg,16
public_test_946.jpg,16
public_test_947.jpg,16
public_test_948.jpg,16
public_test_949.jpg,16
public_test_950.jpg,16
public_test_951.jpg,16
public_test_952.jpg,16
public_test_953.jpg,16
public_test_954.jpg,16
public_test_955.jpg,16
public_test_956.jpg,16
public_test_957.jpg,16
public_test_958.jpg,16
public_test_959.jpg,16
public_test_960.jpg,16
public_test_961.jpg,16
public_test_962.jpg,16
public_test_963.jpg,16
public_test_964.jpg,16
public_test_965.jpg,16
public_test_966.jpg,16
public_test_967.jpg,16
public_test_968.jpg,16
public_test_969.jpg,16
public_test_970.jpg,16
public_test_971.jpg,16
public_test_972.jpg,16
public_test_973.jpg,16
public_test_974.jpg,16
public_test_975.jpg,16
public_test_976.jpg,16
public_test_977.jpg,16
public_test_978.jpg,16
public_test_979.jpg,16
public_test_980.jpg,16
public_test_981.jpg,16
public_test_982.jpg,16
public_test_983.jpg,16
public_test_984.jpg,16
public_test_985.jpg,16
public_test_986.jpg,16
public_test_987.jpg,16
public_test_988.jpg,16
public_test_989.jpg,16
public_test_990.jpg,16
public_test_991.jpg,16
public_test_992.jpg,16
public_test_993.jpg,16
public_test_994.jpg,16
public_test_995.jpg,16
public_test_996.jpg,16
public_test_997.jpg,16
public_test_998.jpg,16
public_test_999.jpg,16
public_test_1000.jpg,16
public_test_1001.jpg,16
public_test_1002.jpg,16
public_test_1003.jpg,16
public_test_1004.jpg,16
public_test_1005.jpg,16
public_test_1006.jpg,16
public_test_1007.jpg,16
public_test_1008.jpg,16
public_test_1009.jpg,16
public_test_1010.jpg,16
public_test_1011.jpg,16
public_test_1012.jpg,16
public_test_1013.jpg,16
public_test_1014.jpg,16
public_test_1015.jpg,16
public_test_1016.jpg,16
public_test_1017.jpg,16
public_test_1018.jpg,16
public_test_1019.jpg,16
public_test_1020.jpg,16
public_test_1021.jpg,16
public_test_1022.jpg,16
public_test_1023.jpg,16
public_test_1024.jpg,16
public_test_1025.jpg,16
public_test_1026.jpg,16
public_test_1027.jpg,16
public_test_1028.jpg,16
public_test_1029.jpg,16
public_test_1030.jpg,16
public_test_1031.jpg,16
public_test_1032.jpg,16
public_test_1033.jpg,16
public_test_1034.jpg,16
public_test_1035.jpg,16
public_test_1036.jpg,16
public_test_1037.jpg,16
public_test_1038.jpg,16
public_test_1039.jpg,16
public_test_1040.jpg,16
public_test_1041.jpg,16
public_test_1042.jpg,16
public_test_1043.jpg,16
public_test_1044.jpg,16
public_test_1045.jpg,16
public_test_1046.jpg,16
public_test_1047.jpg,16
public_test_1048.jpg,16
public_test_1049.jpg,16
public_test_1050.jpg,16
public_test_1051.jpg,16
public_test_1052.jpg,16
public_test_1053.jpg,16
public_test_1054.jpg,16
public_test_1055.jpg,16
public_test_1056.jpg,16
public_test_1057.jpg,16
public_test_1058.jpg,16
public_test_1059.jpg,16
public_test_1060.jpg,16
public_test_1061.jpg,16
public_test_1062.jpg,16
public_test_1063.jpg,16
public_test_1064.jpg,16
public_test_1065.jpg,16
public_test_1066.jpg,16
public_test_1067.jpg,16
public_test_1068.jpg,16
public_test_1069.jpg,16
public_test_1070.jpg,16
public_test_1071.jpg,16
public_test_1072.jpg,16
public_test_1073.jpg,16
public_test_1074.jpg,16
public_test_1075.jpg,16
public_test_1076.jpg,16
public_test_1077.jpg,16
public_test_1078.jpg,16
public_test_1079.jpg,16
public_test_1080.jpg,16
public_test_1081.jpg,16
public_test_1082.jpg,16
public_test_1083.jpg,16
public_test_1084.jpg,16
public_test_1085.jpg,16
public_test_1086.jpg,16
public_test_1087.jpg,16
public_test_1088.jpg,16
public_test_1089.jpg,16
public_test_1090.jpg,16
public_test_1091.jpg,16
public_test_1092.jpg,16
public_test_1093.jpg,16
public_test_1094.jpg,16
public_test_1095.jpg,16
public_test_1096.jpg,16
public_test_1097.jpg,16
public_test_1098.jpg,16
public_test_1099.jpg,16
public_test_1100.jpg,16
public_test_1101.jpg,16
public_test_1102.jpg,16
public_test_1103.jpg,16
public_test_1104.jpg,16
public_test_1105.jpg,16
public_test_1106.jpg,16
public_test_1107.jpg,16
public_test_1108.jpg,16
public_test_1109.jpg,16
public_test_1110.jpg,16
public_test_1111.jpg,16
public_test_1112.jpg,16
public_test_1113.jpg,16
public_test_1114.jpg,16
public_test_1115.jpg,16
public_test_1116.jpg,16
public_test_1117.jpg,16
public_test_1118.jpg,16
public_test_1119.jpg,16
public_test_1120.jpg,16
public_test_1121.jpg,16
public_test_1122.jpg,16
public_test_1123.jpg,16
public_test_1124.jpg,16
