Фильм,Жанры
Убойные каникулы (2010),"боевик, детектив, драма, история, комедия, криминал, мелодрама, мультфильм, мюзикл, приключения, триллер, ужасы, фантастика, фэнтези"
"Три билборда на границе Эббинга, Миссури (2017)","боевик, детектив, драма, история, комедия, криминал, мелодрама, мультфильм, мюзикл, приключения, триллер, ужасы, фантастика, фэнтези"
Глубоководный горизонт (2016),"боевик, детектив, драма, история, комедия, криминал, мелодрама, мультфильм, приключения, триллер, ужасы, фантастика, фэнтези"
Главный герой (2021),"боевик, детектив, драма, история, комедия, криминал, мелодрама, мультфильм, мюзикл, приключения, триллер, ужасы, фантастика, фэнтези"
Мистер и миссис Смит (2005),"боевик, детектив, драма, история, комедия, криминал, мелодрама, мультфильм, приключения, триллер, ужасы, фантастика, фэнтези"
Красота по-американски (1999),"боевик, детектив, драма, история, комедия, криминал, мелодрама, мультфильм, мюзикл, приключения, триллер, ужасы, фантастика, фэнтези"
Кунг-фу Панда (2008),"боевик, детектив, драма, история, комедия, криминал, мелодрама, мультфильм, мюзикл, приключения, триллер, ужасы, фантастика, фэнтези"
Алиса в Стране чудес (2010),"боевик, детектив, драма, история, комедия, криминал, мелодрама, мультфильм, мюзикл, приключения, триллер, ужасы, фантастика, фэнтези"
Залечь на дно в Брюгге (2007),"боевик, детектив, драма, история, комедия, криминал, мелодрама, мультфильм, приключения, триллер, ужасы, фантастика, фэнтези"
Виды доброты (2024),"боевик, детектив, драма, история, комедия, криминал, мелодрама, мультфильм, мюзикл, приключения, триллер, ужасы, фантастика, фэнтези"
Кролик Джоджо (2019),"боевик, детектив, драма, история, комедия, криминал, мелодрама, мультфильм, приключения, триллер, ужасы, фантастика, фэнтези"
Плохие парни 2 (2003),"боевик, детектив, драма, история, комедия, криминал, мелодрама, мультфильм, приключения, триллер, ужасы, фантастика, фэнтези"
Таро: Карта смерти (2024),"боевик, детектив, драма, история, комедия, криминал, мелодрама, мультфильм, мюзикл, приключения, триллер, ужасы, фантастика, фэнтези"
Такси (1988),"боевик, детектив, драма, история, комедия, криминал, мелодрама, мультфильм, мюзикл, приключения, триллер, ужасы, фантастика, фэнтези"
Пацанская история (2022),"боевик, детектив, драма, история, комедия, криминал, мелодрама, мультфильм, приключения, триллер, ужасы, фантастика, фэнтези"
Монстры на каникулах (2012),"боевик, детектив, драма, история, комедия, криминал, мелодрама, мультфильм, мюзикл, приключения, триллер, ужасы, фантастика, фэнтези"
Борат (2006),"боевик, детектив, драма, история, комедия, криминал, мелодрама, мультфильм, мюзикл, приключения, триллер, ужасы, фантастика, фэнтези"
Тихое место (2018),"боевик, детектив, драма, история, комедия, криминал, мелодрама, мультфильм, приключения, триллер, ужасы, фантастика, фэнтези"
Реальные упыри (2014),"боевик, детектив, драма, история, комедия, криминал, мелодрама, мультфильм, приключения, триллер, ужасы, фантастика, фэнтези"
Шерлок Холмс (2009),"боевик, детектив, драма, история, комедия, криминал, мелодрама, мультфильм, мюзикл, приключения, триллер, ужасы, фантастика, фэнтези"
Фуриоса: Хроники Безумного Макса (2024),"боевик, детектив, драма, история, комедия, криминал, мелодрама, мультфильм, мюзикл, приключения, триллер, ужасы, фантастика, фэнтези"
Дьявол всегда здесь (2020),"боевик, детектив, драма, история, комедия, криминал, мелодрама, мультфильм, мюзикл, приключения, триллер, ужасы, фантастика, фэнтези"
Судная ночь в Аркадии (2024),"боевик, детектив, драма, история, комедия, криминал, мелодрама, мультфильм, мюзикл, приключения, триллер, ужасы, фантастика, фэнтези"
Волшебник Изумрудного города (2024),"боевик, детектив, драма, история, комедия, криминал, мелодрама, мультфильм, мюзикл, приключения, триллер, ужасы, фантастика, фэнтези"
Малышка на миллион (2004),"боевик, детектив, драма, история, комедия, криминал, мелодрама, мультфильм, мюзикл, приключения, триллер, ужасы, фантастика, фэнтези"
Крестный отец (1972),"боевик, детектив, драма, история, комедия, криминал, мелодрама, мультфильм, приключения, триллер, ужасы, фантастика, фэнтези"
Аватар: Путь воды (2022),"боевик, детектив, драма, история, комедия, криминал, мелодрама, мультфильм, мюзикл, приключения, триллер, ужасы, фантастика, фэнтези"
Пираты Карибского моря: Проклятие Черной жемчужины (2003),"боевик, детектив, драма, история, комедия, криминал, мелодрама, мультфильм, мюзикл, приключения, триллер, ужасы, фантастика, фэнтези"
Отпуск по обмену (2006),"боевик, детектив, драма, история, комедия, криминал, мелодрама, мультфильм, мюзикл, приключения, триллер, ужасы, фантастика, фэнтези"
Лиля навсегда (2002),"боевик, детектив, драма, история, комедия, криминал, мелодрама, мультфильм, мюзикл, приключения, триллер, ужасы, фантастика, фэнтези"
Наполеон (2023),"боевик, детектив, драма, история, комедия, криминал, мелодрама, мультфильм, приключения, триллер, ужасы, фантастика, фэнтези"
Домовой (2024),"боевик, детектив, драма, история, комедия, криминал, мелодрама, мультфильм, приключения, триллер, ужасы, фантастика, фэнтези"
Иван Царевич и Серый Волк 6 (2024),"боевик, детектив, драма, история, комедия, криминал, мелодрама, мультфильм, мюзикл, приключения, триллер, ужасы, фантастика, фэнтези"
Титаник (1997),"боевик, детектив, драма, история, комедия, криминал, мелодрама, мультфильм, мюзикл, приключения, триллер, ужасы, фантастика, фэнтези"
Kingsman: Секретная служба (2015),"боевик, детектив, драма, история, комедия, криминал, мелодрама, мультфильм, мюзикл, приключения, триллер, ужасы, фантастика, фэнтези"
Моана (2016),"боевик, детектив, драма, история, комедия, криминал, мелодрама, мультфильм, мюзикл, приключения, триллер, ужасы, фантастика, фэнтези"
Судная ночь. Джекпот (2023),"боевик, детектив, драма, история, комедия, криминал, мелодрама, мультфильм, мюзикл, приключения, триллер, ужасы, фантастика, фэнтези"
Сплит (2017),"боевик, детектив, драма, история, комедия, криминал, мелодрама, мультфильм, мюзикл, приключения, триллер, ужасы, фантастика, фэнтези"
Чего хотят женщины (2000),"боевик, детектив, драма, история, комедия, криминал, мелодрама, мультфильм, мюзикл, приключения, триллер, ужасы, фантастика, фэнтези"
Дневник памяти (2004),"боевик, детектив, драма, история, комедия, криминал, мелодрама, мультфильм, мюзикл, приключения, триллер, ужасы, фантастика, фэнтези"
57 секунд (2023),"боевик, детектив, драма, история, комедия, криминал, мелодрама, мультфильм, приключения, триллер, ужасы, фантастика, фэнтези"
Страх и ненависть в Лас-Вегасе (1998),"боевик, детектив, драма, история, комедия, криминал, мелодрама, мультфильм, мюзикл, приключения, триллер, ужасы, фантастика, фэнтези"
Счастливое число Слевина (2005),"боевик, детектив, драма, история, комедия, криминал, мелодрама, мультфильм, мюзикл, приключения, триллер, ужасы, фантастика, фэнтези"
Винни-Пух: Кровь и мёд 2 (2024),"боевик, детектив, драма, история, комедия, криминал, мелодрама, мультфильм, приключения, триллер, ужасы, фантастика, фэнтези"
Патруль (2012),"боевик, детектив, драма, история, комедия, криминал, мелодрама, мультфильм, приключения, триллер, ужасы, фантастика, фэнтези"
Голодные игры: Баллада о змеях и певчих птицах (2023),"боевик, детектив, драма, история, комедия, криминал, мелодрама, мультфильм, мюзикл, приключения, триллер, ужасы, фантастика, фэнтези"
Невидимая сторона (2009),"боевик, детектив, драма, история, комедия, криминал, мелодрама, мультфильм, мюзикл, приключения, триллер, ужасы, фантастика, фэнтези"
Дюна (2021),"боевик, детектив, драма, история, комедия, криминал, мелодрама, мультфильм, мюзикл, приключения, триллер, ужасы, фантастика, фэнтези"
Джулс (2023),"боевик, детектив, драма, история, комедия, криминал, мелодрама, мультфильм, мюзикл, приключения, триллер, ужасы, фантастика, фэнтези"
Эквилибриум (2002),"боевик, детектив, драма, история, комедия, криминал, мелодрама, мультфильм, приключения, триллер, ужасы, фантастика, фэнтези"
В августе 44-го (2001),"боевик, детектив, драма, история, комедия, криминал, мелодрама, мультфильм, мюзикл, приключения, триллер, ужасы, фантастика, фэнтези"
Непослушная (2023),"боевик, детектив, драма, история, комедия, криминал, мелодрама, мультфильм, мюзикл, приключения, триллер, ужасы, фантастика, фэнтези"
Ганнибал (2001),"боевик, детектив, драма, история, комедия, криминал, мелодрама, мультфильм, приключения, триллер, ужасы, фантастика, фэнтези"
Морпехи (2005),"боевик, детектив, драма, история, комедия, криминал, мелодрама, мультфильм, мюзикл, приключения, триллер, ужасы, фантастика, фэнтези"
Век Адалин (2015),"боевик, детектив, драма, история, комедия, криминал, мелодрама, мультфильм, мюзикл, приключения, триллер, ужасы, фантастика, фэнтези"
Вечные (2021),"боевик, детектив, драма, история, комедия, криминал, мелодрама, мультфильм, мюзикл, приключения, триллер, ужасы, фантастика, фэнтези"
Лулу и Бриггс (2021),"боевик, детектив, драма, история, комедия, криминал, мелодрама, мультфильм, приключения, триллер, ужасы, фантастика, фэнтези"
Манкимэн (2024),"боевик, детектив, драма, история, комедия, криминал, мелодрама, мультфильм, мюзикл, приключения, триллер, ужасы, фантастика, фэнтези"
Гнев человеческий (2021),"боевик, детектив, драма, история, комедия, криминал, мелодрама, мультфильм, мюзикл, приключения, триллер, ужасы, фантастика, фэнтези"
Мад (2012),"боевик, детектив, драма, история, комедия, криминал, мелодрама, мультфильм, приключения, триллер, ужасы, фантастика, фэнтези"
Отель «Гранд Будапешт» (2014),"боевик, детектив, драма, история, комедия, криминал, мелодрама, мультфильм, мюзикл, приключения, триллер, ужасы, фантастика, фэнтези"
Мы (2019),"боевик, детектив, драма, история, комедия, криминал, мелодрама, мультфильм, приключения, триллер, ужасы, фантастика, фэнтези"
Эффект бабочки (2003),"боевик, детектив, драма, история, комедия, криминал, мелодрама, мультфильм, мюзикл, приключения, триллер, ужасы, фантастика, фэнтези"
Знамение (2009),"боевик, детектив, драма, история, комедия, криминал, мелодрама, мультфильм, приключения, триллер, ужасы, фантастика, фэнтези"
Зомби по имени Шон (2004),"боевик, детектив, драма, история, комедия, криминал, мелодрама, мультфильм, приключения, триллер, ужасы, фантастика, фэнтези"
Социальная сеть (2010),"боевик, детектив, драма, история, комедия, криминал, мелодрама, мультфильм, приключения, триллер, ужасы, фантастика, фэнтези"
Дитя погоды (2019),"боевик, детектив, драма, история, комедия, криминал, мелодрама, мультфильм, мюзикл, приключения, триллер, ужасы, фантастика, фэнтези"
Кентавр (2023),"боевик, детектив, драма, история, комедия, криминал, мелодрама, мультфильм, приключения, триллер, ужасы, фантастика, фэнтези"
Схватка (2023),"боевик, детектив, драма, история, комедия, криминал, мелодрама, мультфильм, приключения, триллер, ужасы, фантастика, фэнтези"
Люди Икс (2000),"боевик, детектив, драма, история, комедия, криминал, мелодрама, мультфильм, мюзикл, приключения, триллер, ужасы, фантастика, фэнтези"
"Человек, который изменил всё (2011)","боевик, детектив, драма, история, комедия, криминал, мелодрама, мультфильм, мюзикл, приключения, триллер, ужасы, фантастика, фэнтези"
Области тьмы (2011),"боевик, детектив, драма, история, комедия, криминал, мелодрама, мультфильм, приключения, триллер, ужасы, фантастика, фэнтези"
Цельнометаллическая оболочка (1987),"боевик, детектив, драма, история, комедия, криминал, мелодрама, мультфильм, приключения, триллер, ужасы, фантастика, фэнтези"
Бегущий в лабиринте (2014),"боевик, детектив, драма, история, комедия, криминал, мелодрама, мультфильм, мюзикл, приключения, триллер, ужасы, фантастика, фэнтези"
"Ешь, молись, люби (2010)","боевик, детектив, драма, история, комедия, криминал, мелодрама, мультфильм, мюзикл, приключения, триллер, ужасы, фантастика, фэнтези"
Невозможное (2012),"боевик, детектив, драма, история, комедия, криминал, мелодрама, мультфильм, мюзикл, приключения, триллер, ужасы, фантастика, фэнтези"
Пила: Игра на выживание (2004),"боевик, детектив, драма, история, комедия, криминал, мелодрама, мультфильм, мюзикл, приключения, триллер, ужасы, фантастика, фэнтези"
127 часов (2010),"боевик, детектив, драма, история, комедия, криминал, мелодрама, мультфильм, приключения, триллер, ужасы, фантастика, фэнтези"
Человек-муравей и Оса: Квантомания (2023),"боевик, детектив, драма, история, комедия, криминал, мелодрама, мультфильм, мюзикл, приключения, триллер, ужасы, фантастика, фэнтези"
Мотылёк (2017),"боевик, детектив, драма, история, комедия, криминал, мелодрама, мультфильм, приключения, триллер, ужасы, фантастика, фэнтези"
Люди в чёрном (1997),"боевик, детектив, драма, история, комедия, криминал, мелодрама, мультфильм, приключения, триллер, ужасы, фантастика, фэнтези"
День сурка (1993),"боевик, детектив, драма, история, комедия, криминал, мелодрама, мультфильм, мюзикл, приключения, триллер, ужасы, фантастика, фэнтези"
Прошлые жизни (2023),"боевик, детектив, драма, история, комедия, криминал, мелодрама, мультфильм, мюзикл, приключения, триллер, ужасы, фантастика, фэнтези"
Ирландец (2019),"боевик, детектив, драма, история, комедия, криминал, мелодрама, мультфильм, мюзикл, приключения, триллер, ужасы, фантастика, фэнтези"
Эбигейл (2024),"боевик, детектив, драма, история, комедия, криминал, мелодрама, мультфильм, мюзикл, приключения, триллер, ужасы, фантастика, фэнтези"
500 дней лета (2009),"боевик, детектив, драма, история, комедия, криминал, мелодрама, мультфильм, мюзикл, приключения, триллер, ужасы, фантастика, фэнтези"
Однажды в Америке (1983),"боевик, детектив, драма, история, комедия, криминал, мелодрама, мультфильм, мюзикл, приключения, триллер, ужасы, фантастика, фэнтези"
В погоне за счастьем (2006),"боевик, детектив, драма, история, комедия, криминал, мелодрама, мультфильм, мюзикл, приключения, триллер, ужасы, фантастика, фэнтези"
Переводчик (2022),"боевик, детектив, драма, история, комедия, криминал, мелодрама, мультфильм, мюзикл, приключения, триллер, ужасы, фантастика, фэнтези"
Бременские музыканты (2024),"боевик, детектив, драма, история, комедия, криминал, мелодрама, мультфильм, мюзикл, приключения, триллер, ужасы, фантастика, фэнтези"
Пила. Джокер (2024),"боевик, детектив, драма, история, комедия, криминал, мелодрама, мультфильм, мюзикл, приключения, триллер, ужасы, фантастика, фэнтези"
Война миров Z (2013),"боевик, детектив, драма, история, комедия, криминал, мелодрама, мультфильм, мюзикл, приключения, триллер, ужасы, фантастика, фэнтези"
Психо (1960),"боевик, детектив, драма, история, комедия, криминал, мелодрама, мультфильм, мюзикл, приключения, триллер, ужасы, фантастика, фэнтези"
Чужой: Завет (2017),"боевик, детектив, драма, история, комедия, криминал, мелодрама, мультфильм, приключения, триллер, ужасы, фантастика, фэнтези"
Прислуга (2011),"боевик, детектив, драма, история, комедия, криминал, мелодрама, мультфильм, мюзикл, приключения, триллер, ужасы, фантастика, фэнтези"
Смерч (1996),"боевик, детектив, драма, история, комедия, криминал, мелодрама, мультфильм, приключения, триллер, ужасы, фантастика, фэнтези"
Тихое место 2 (2020),"боевик, детектив, драма, история, комедия, криминал, мелодрама, мультфильм, мюзикл, приключения, триллер, ужасы, фантастика, фэнтези"
Очень страшное кино (2000),"боевик, детектив, драма, история, комедия, криминал, мелодрама, мультфильм, приключения, триллер, ужасы, фантастика, фэнтези"
Шрэк (2001),"боевик, детектив, драма, история, комедия, криминал, мелодрама, мультфильм, приключения, триллер, ужасы, фантастика, фэнтези"
Моя вина (2023),"боевик, детектив, драма, история, комедия, криминал, мелодрама, мультфильм, мюзикл, приключения, триллер, ужасы, фантастика, фэнтези"
Гаттака (1997),"боевик, детектив, драма, история, комедия, криминал, мелодрама, мультфильм, приключения, триллер, ужасы, фантастика, фэнтези"
Люси (2014),"боевик, детектив, драма, история, комедия, криминал, мелодрама, мультфильм, мюзикл, приключения, триллер, ужасы, фантастика, фэнтези"
Пираты Карибского моря: Мертвецы не рассказывают сказки (2017),"боевик, детектив, драма, история, комедия, криминал, мелодрама, мультфильм, мюзикл, приключения, триллер, ужасы, фантастика, фэнтези"
Лекарь: Ученик Авиценны (2013),"боевик, детектив, драма, история, комедия, криминал, мелодрама, мультфильм, мюзикл, приключения, триллер, ужасы, фантастика, фэнтези"
Трансформеры (2007),"боевик, детектив, драма, история, комедия, криминал, мелодрама, мультфильм, мюзикл, приключения, триллер, ужасы, фантастика, фэнтези"
"Мятежная Луна, часть 1: Дитя огня (2023)","боевик, детектив, драма, история, комедия, криминал, мелодрама, мультфильм, мюзикл, приключения, триллер, ужасы, фантастика, фэнтези"
Дом у дороги (2024),"боевик, детектив, драма, история, комедия, криминал, мелодрама, мультфильм, приключения, триллер, ужасы, фантастика, фэнтези"
Аватар (2009),"боевик, детектив, драма, история, комедия, криминал, мелодрама, мультфильм, мюзикл, приключения, триллер, ужасы, фантастика, фэнтези"
Люди Икс: Начало. Росомаха (2009),"боевик, детектив, драма, история, комедия, криминал, мелодрама, мультфильм, мюзикл, приключения, триллер, ужасы, фантастика, фэнтези"
Моана 2 (2024),"боевик, детектив, драма, история, комедия, криминал, мелодрама, мультфильм, мюзикл, приключения, триллер, ужасы, фантастика, фэнтези"
Укрощение строптивого (1980),"боевик, детектив, драма, история, комедия, криминал, мелодрама, мультфильм, мюзикл, приключения, триллер, ужасы, фантастика, фэнтези"
Синистер (2012),"боевик, детектив, драма, история, комедия, криминал, мелодрама, мультфильм, приключения, триллер, ужасы, фантастика, фэнтези"
365 дней (2020),"боевик, детектив, драма, история, комедия, криминал, мелодрама, мультфильм, приключения, триллер, ужасы, фантастика, фэнтези"
Шестое чувство (1999),"боевик, детектив, драма, история, комедия, криминал, мелодрама, мультфильм, мюзикл, приключения, триллер, ужасы, фантастика, фэнтези"
Гордость и предубеждение (2005),"боевик, детектив, драма, история, комедия, криминал, мелодрама, мультфильм, мюзикл, приключения, триллер, ужасы, фантастика, фэнтези"
1408 (2007),"боевик, детектив, драма, история, комедия, криминал, мелодрама, мультфильм, мюзикл, приключения, триллер, ужасы, фантастика, фэнтези"
"Судзумэ, закрывающая двери (2022)","боевик, детектив, драма, история, комедия, криминал, мелодрама, мультфильм, мюзикл, приключения, триллер, ужасы, фантастика, фэнтези"
Белая птица: Новое чудо (2023),"боевик, детектив, драма, история, комедия, криминал, мелодрама, мультфильм, мюзикл, приключения, триллер, ужасы, фантастика, фэнтези"
Манюня: Приключения в Москве (2024),"боевик, детектив, драма, история, комедия, криминал, мелодрама, мультфильм, мюзикл, приключения, триллер, ужасы, фантастика, фэнтези"
Мадагаскар (2005),"боевик, детектив, драма, история, комедия, криминал, мелодрама, мультфильм, мюзикл, приключения, триллер, ужасы, фантастика, фэнтези"
Взаперти (2020),"боевик, детектив, драма, история, комедия, криминал, мелодрама, мультфильм, мюзикл, приключения, триллер, ужасы, фантастика, фэнтези"
Добро пожаловать в Zомбилэнд (2009),"боевик, детектив, драма, история, комедия, криминал, мелодрама, мультфильм, приключения, триллер, ужасы, фантастика, фэнтези"
